Brand,US,CA,UK,AU,JP,Notes
Acqua Di Parma,ok,ok,ok,has path to apply,Hard Gated,AU: B0CGM85RB4 / 8028713813375
Adolfo Dominguez,ok,ok,ok,ok,has path to apply,
Armani Beauty,Hard Gated,Hard Gated,has path to apply,has path to apply,has path to apply,UK: ungated for cosmetics but gated for perfumes B084WNR5NZ / 3614272865228; AU: B0DBRGR2YC / 3614273954174
Avene,Hard Gated,Hard Gated,Hard Gated,ok,has path to apply,
Balenciaga,ok,has path to apply,has path to apply,has path to apply,has path to apply,CA: B0038L0BH0 / 3607348002399; UK: B00EXW39NQ / 3607348002399; AU: B00EXW39NQ / 3607348002399
Bioderma,Hard Gated,Hard Gated,has path to apply,ok,,
Biotherm,Hard Gated,Hard Gated,ok,has path to apply,,"AU: partially gated, there are products we cant sell but we can ungate B09T76PB85 / 3614272974968"
BRUNO BANANI,ok,ok,ok,has path to apply,,"CA: No perfumes ASINs under the brand, unable to determine if we're ungated; AU: B07TB8MTSN / 3614225298806"
BVLGARI,ok,ok,ok,has path to apply,Hard Gated,AU: B0DRPG8TMM / 0783320423420
Carolina Herrera,Hard Gated,ok,has path to apply,has path to apply,has path to apply,UK: B0FNKY5SWX / 8411061077146; AU: ok/ partially gated
CeraVe,Hard Gated,Hard Gated,Hard Gated,Hard Gated,,
Chanel,Hard Gated,ok,ok,ok,Hard Gated,
Charlotte Tilbury,,,,,has path to apply,
Chloé,ok,ok,has path to apply,ok,Hard Gated,UK: B0D1XKNFZD / 3616303477943
Christian Dior,Hard Gated,has path to apply,has path to apply,ok,Hard Gated,CA: Not enough invoices for the same products; UK: B079TR2JHT / 3348901368254
Clinique,Hard Gated,Hard Gated,Hard Gated,has path to apply,Hard Gated,AU: B01F2LBF96 / 0810876037105
Collistar,ok,has path to apply,has path to apply,ok,has path to apply,
Creed,Hard Gated,has path to apply,,has path to apply,,
Darphin,ok,has path to apply,ok,ok,,
Davidoff,Hard Gated,Hard Gated,Hard Gated,Hard Gated,,
Diptique,,,,,has path to apply,
Dolce & Gabbana,Hard Gated,Hard Gated,has path to apply,ok,has path to apply,UK: B07RYWR3LW / 3423473049456
Eisenberg,ok,ok,ok,ok,,
Elizabeth Arden,Hard Gated,Hard Gated,ok,,,AU: d
Estée Lauder,Hard Gated,Hard Gated,has path to apply,has path to apply,Hard Gated,UK: B002TWWXDY / 0885790843163; AU: B002TWWXDY / 0885790843163
Eucerin,Hard Gated,has path to apply,has path to apply,ok,,
Filorga,Hard Gated,Hard Gated,has path to apply,ok,,
GIORGIO ARMANI,Hard Gated,Hard Gated,ok,has path to apply,has path to apply,CA: Partially gated/ no path to apply; AU: thread 27.10
Givenchy,ok,ok,ok,has path to apply,has path to apply,AU: B0BYVMGSG3 / 3274872448773
Guccï,has path to apply,ok,has path to apply,ok,Hard Gated,US: Has path to apply but cannot add new listings; UK: B08V24N7ZQ / 3616301976110
GUERLAIN,ok,ok,ok,ok,has path to apply,
Helena Rubinstein,ok,has path to apply,ok,ok,has path to apply,CA: B00LP6LNYA / 5054596185943
Hermès,ok,has path to apply,has path to apply,has path to apply,has path to apply,CA: B00IZM5KIC / 3346131840021; UK: B09N3WKW1S / 3346130415282; AU: B00IZM5KIC / 3346131840021
Huda beauty,,,,,has path to apply,
Hugo Boss,Hard Gated,Hard Gated,Hard Gated,Hard Gated,,
Isdin,Hard Gated,has path to apply,has path to apply,ok,,
Issey Miyake,Hard Gated,has path to apply,Hard Gated,has path to apply,,"CA: B000C1Z6G0 / 3423470485189; AU: partially gated, there are products we cant sell but we can ungate B000C1Z6G0 / 3423470485189"
Jean Paul Gaultier,Hard Gated,ok,ok,ok,ok,
jeffree star,,,,,has path to apply,
Jo Malone,Hard Gated,has path to apply,ok,has path to apply,Hard Gated,CA: B07M66HZR7 / 690251071340; AU: B07M66HZR7 / 690251071340
Juliette Has a Gun,,,,,has path to apply,
Kanebo,ok,has path to apply,ok,has path to apply,,CA: B00N4SGN10 / 4973167904626; AU: B00N4SGN10 / 4973167904626
kiko milano,,,,,has path to apply,
Kilian,ok,has path to apply,ok,ok,has path to apply,
L'ORÉAL,Hard Gated,has path to apply,ok,Hard Gated,,CA: B0CZF2T7CK / 71249686966
La Mer,ok,ok,has path to apply,ok,has path to apply,
La Prairie,Hard Gated,Hard Gated,ok,Hard Gated,has path to apply,
La Roche-Posay,Hard Gated,Hard Gated,Hard Gated,Hard Gated,,
Lancôme,Hard Gated,Hard Gated,Hard Gated,Hard Gated,Hard Gated,
LOEWE,ok,ok,has path to apply,has path to apply,has path to apply,UK: B0959Z3ZWY / 8426017070157; AU: B0959Z3ZWY / 8426017070157
Maison Francis Kurkdjian,Hard Gated,has path to apply,has path to apply,has path to apply,has path to apply,UK: B074V34X4C / 3700559605905; AU: B074V34X4C / 3700559605905
Mandarina Duck,ok,has path to apply,ok,ok,,
Marc Jacobs,Hard Gated,ok,ok,ok,has path to apply,
Narciso Rodriguez,ok,ok,ok,Hard Gated,has path to apply,
Nars,,,,,has path to apply,
On (shoes),ok,has path to apply,has path to apply,ok,,CA: Can apply to sell; UK: Can apply to sell
paco rabanne,Hard Gated,ok,has path to apply,ok,,
Penhaligon's,Hard Gated,has path to apply,ok,has path to apply,has path to apply,CA: B010E3IQ3U / 5056245021510; AU: B010E3IQ3U / 5056245021510
Porsche Design,ok,has path to apply,ok,ok,,
Prada,ok,ok,ok,ok,Hard Gated,
Ralph Lauren,Hard Gated,Hard Gated,Hard Gated,has path to apply,,"AU: partially gated, there are products we cant sell but we can ungate B00D2GT4U6 / 8411061777183"
Sensai,ok,has path to apply,ok,ok,,
Sesderma,Hard Gated,has path to apply,has path to apply,ok,,
Shu Uemura,Hard Gated,ok,ok,has path to apply,,AU: B00GTZG2VG / 8447215651061
SkinCeuticals,Hard Gated,has path to apply,Hard Gated,Hard Gated,,
Sol de Janeiro,,,,,has path to apply,
Thierry Mugler,Hard Gated,Hard Gated,Hard Gated,Hard Gated,has path to apply,
Tiffany & Co,ok,has path to apply,ok,ok,has path to apply,
Tom Ford,Hard Gated,ok,has path to apply,has path to apply,has path to apply,"UK: B08VGWKWXX / 0888066117463; AU: partially gated, there are products we cant sell but we can ungate B08VGWKWXX / 0888066117463"
Tommy Hilfiger,Hard Gated,ok,ok,has path to apply,,AU: B007P50U76 / 8851219943051
Valentino,ok,ok,ok,ok,ok,
Versace,ok,ok,has path to apply,has path to apply,,UK: B01JG5UKMW / 8011003826537; AU: B01JG5UKMW / 8011003826537
Vichy,Hard Gated,Hard Gated,Hard Gated,ok,,
Victoria's Secret,,,,,has path to apply,
Viktor&Rolf,Hard Gated,Hard Gated,has path to apply,Hard Gated,has path to apply,UK: B00WYP5ZHW / 3614270659706
Yves Saint Laurent,Hard Gated,ok,ok,ok,Hard Gated,
